{
  "best_params": {
    "contamination": 0.04370861069626263,
    "support_fraction": 0.9556428757689246
  },
  "best_value": 0.5851545261984487,
  "best_trial_number": 0,
  "n_trials": 3,
  "elapsed_seconds": 1.341703176498413,
  "seed": 42
}